{
  "very_high_stakes": {
    "Random": {
      "mean_reward": -80.955,
      "std_reward": 22.398224818051986,
      "mean_interruptions": 63.53,
      "std_interruptions": 14.752257454369484,
      "mean_failures": 4.01,
      "std_failures": 1.2609123680890755,
      "rewards": [
        -112.5,
        -84.5,
        -92.5,
        -91.5,
        -47.5,
        -109.0,
        -58.5,
        -85.5,
        -96.5,
        -82.0,
        -84.0,
        -60.0,
        -89.5,
        -64.5,
        -48.0,
        -110.0,
        -103.0,
        -43.5,
        -90.0,
        -69.0,
        -53.5,
        -133.0,
        -96.5,
        -74.0,
        -76.0,
        -69.0,
        -68.5,
        -78.0,
        -126.0,
        -87.5,
        -59.0,
        -53.0,
        -89.5,
        -54.0,
        -57.0,
        -94.0,
        -95.0,
        -82.0,
        -84.0,
        -79.0,
        -59.5,
        -55.5,
        -88.5,
        -76.5,
        -108.0,
        -119.0,
        -73.0,
        -62.0,
        -101.0,
        -113.0,
        -59.0,
        -64.0,
        -90.5,
        -73.0,
        -52.5,
        -112.5,
        -68.0,
        -70.0,
        -44.0,
        -104.5,
        -101.5,
        -91.5,
        -75.0,
        -43.5,
        -58.5,
        -58.0,
        -56.0,
        -59.0,
        -70.5,
        -43.5,
        -108.5,
        -121.0,
        -110.0,
        -51.5,
        -57.0,
        -77.5,
        -95.0,
        -99.0,
        -94.5,
        -110.0,
        -108.5,
        -82.0,
        -99.0,
        -108.5,
        -111.0,
        -74.5,
        -55.5,
        -64.0,
        -99.0,
        -129.0,
        -89.5,
        -69.0,
        -67.5,
        -77.5,
        -111.0,
        -100.5,
        -64.5,
        -47.5,
        -52.5,
        -80.0
      ]
    },
    "RL_PPO": {
      "mean_reward": -67.57,
      "std_reward": 23.58188075620772,
      "mean_interruptions": 0.0,
      "std_interruptions": 0.0,
      "mean_failures": 4.87,
      "std_failures": 1.3612861565446115,
      "rewards": [
        -95.0,
        -77.0,
        -78.0,
        -93.0,
        -96.0,
        -56.0,
        -60.0,
        -69.0,
        -53.0,
        -34.0,
        -61.0,
        -25.0,
        -92.0,
        -37.0,
        -28.0,
        -59.0,
        -81.0,
        -49.0,
        -74.0,
        -95.0,
        -33.0,
        -41.0,
        -30.0,
        -20.0,
        -34.0,
        -67.0,
        -32.0,
        -70.0,
        -28.0,
        -68.0,
        -83.0,
        -84.0,
        -63.0,
        -20.0,
        -85.0,
        -90.0,
        -56.0,
        -85.0,
        -112.0,
        -55.0,
        -77.0,
        -88.0,
        -29.0,
        -85.0,
        -27.0,
        -25.0,
        -44.0,
        -88.0,
        -73.0,
        -48.0,
        -92.0,
        -69.0,
        -73.0,
        -36.0,
        -73.0,
        -79.0,
        -64.0,
        -26.0,
        -64.0,
        -77.0,
        -88.0,
        -62.0,
        -45.0,
        -94.0,
        -95.0,
        -78.0,
        -90.0,
        -97.0,
        -89.0,
        -54.0,
        -50.0,
        -73.0,
        -95.0,
        -93.0,
        -93.0,
        -102.0,
        -61.0,
        -85.0,
        -50.0,
        -40.0,
        -27.0,
        -74.0,
        -91.0,
        -67.0,
        -90.0,
        -87.0,
        -93.0,
        -67.0,
        -65.0,
        -82.0,
        -81.0,
        -60.0,
        -55.0,
        -63.0,
        -106.0,
        -53.0,
        -104.0,
        -93.0,
        -58.0,
        -102.0
      ]
    },
    "improvement_pct": 16.5338768451609
  },
  "balanced": {
    "Random": {
      "mean_reward": -78.56,
      "std_reward": 19.52770851892254,
      "mean_interruptions": 64.98,
      "std_interruptions": 15.106938803079862,
      "mean_failures": 3.9,
      "std_failures": 1.3379088160259653,
      "rewards": [
        -95.5,
        -47.0,
        -95.0,
        -76.0,
        -85.5,
        -61.5,
        -94.0,
        -69.0,
        -58.5,
        -46.5,
        -69.5,
        -104.0,
        -85.0,
        -95.0,
        -59.5,
        -73.0,
        -80.0,
        -79.0,
        -71.0,
        -76.5,
        -97.0,
        -61.0,
        -72.5,
        -91.0,
        -46.5,
        -77.0,
        -56.0,
        -70.5,
        -88.5,
        -101.0,
        -96.5,
        -84.0,
        -58.0,
        -111.5,
        -84.5,
        -63.5,
        -77.5,
        -68.5,
        -97.0,
        -99.0,
        -83.5,
        -58.0,
        -97.0,
        -82.0,
        -73.0,
        -73.5,
        -127.5,
        -52.0,
        -93.5,
        -39.0,
        -78.0,
        -80.5,
        -102.5,
        -78.0,
        -139.5,
        -69.0,
        -76.0,
        -86.5,
        -122.0,
        -60.5,
        -40.5,
        -74.5,
        -86.0,
        -79.5,
        -69.0,
        -103.0,
        -85.5,
        -63.0,
        -67.0,
        -48.0,
        -64.5,
        -89.0,
        -63.5,
        -89.0,
        -100.0,
        -109.0,
        -101.5,
        -62.5,
        -98.5,
        -82.0,
        -63.5,
        -91.5,
        -92.5,
        -69.0,
        -50.5,
        -64.5,
        -77.0,
        -97.5,
        -79.0,
        -73.0,
        -88.5,
        -35.5,
        -92.5,
        -115.0,
        -64.5,
        -37.5,
        -63.0,
        -70.5,
        -83.5,
        -78.5
      ]
    },
    "RL_PPO": {
      "mean_reward": -49.01,
      "std_reward": 13.33153779576835,
      "mean_interruptions": 0.0,
      "std_interruptions": 0.0,
      "mean_failures": 4.57,
      "std_failures": 1.4160155366379283,
      "rewards": [
        -62.0,
        -38.0,
        -51.0,
        -41.0,
        -40.0,
        -50.0,
        -61.0,
        -38.0,
        -46.0,
        -65.0,
        -70.0,
        -27.0,
        -36.0,
        -48.0,
        -50.0,
        -43.0,
        -52.0,
        -48.0,
        -63.0,
        -59.0,
        -48.0,
        -66.0,
        -58.0,
        -37.0,
        -47.0,
        -45.0,
        -58.0,
        -33.0,
        -47.0,
        -44.0,
        -60.0,
        -37.0,
        -62.0,
        -54.0,
        -74.0,
        -60.0,
        -34.0,
        -50.0,
        -57.0,
        -33.0,
        -74.0,
        -53.0,
        -76.0,
        -56.0,
        -26.0,
        -37.0,
        -63.0,
        -31.0,
        -56.0,
        -48.0,
        -27.0,
        -61.0,
        -34.0,
        -76.0,
        -51.0,
        -48.0,
        -38.0,
        -64.0,
        -24.0,
        -46.0,
        -41.0,
        -56.0,
        -65.0,
        -33.0,
        -36.0,
        -45.0,
        -21.0,
        -80.0,
        -53.0,
        -69.0,
        -41.0,
        -42.0,
        -40.0,
        -50.0,
        -51.0,
        -48.0,
        -61.0,
        -29.0,
        -31.0,
        -53.0,
        -44.0,
        -41.0,
        -51.0,
        -63.0,
        -59.0,
        -46.0,
        -31.0,
        -57.0,
        -36.0,
        -34.0,
        -64.0,
        -60.0,
        -62.0,
        -42.0,
        -29.0,
        -35.0,
        -65.0,
        -71.0,
        -31.0,
        -54.0
      ]
    },
    "improvement_pct": 37.61456211812628
  },
  "moderate_low": {
    "Random": {
      "mean_reward": -81.445,
      "std_reward": 18.86370788047779,
      "mean_interruptions": 67.42,
      "std_interruptions": 15.803910908379608,
      "mean_failures": 4.16,
      "std_failures": 1.2306096050332127,