{
  "very_high_stakes": {
    "Random": {
      "mean_reward": -520.89,
      "std_reward": 89.0709711409952,
      "mean_interruptions": 173.24,
      "std_interruptions": 25.644929323357474,
      "mean_failures": 8.41,
      "std_failures": 2.236492790062154,
      "rewards": [
        -585.0,
        -460.0,
        -501.0,
        -633.0,
        -494.0,
        -697.0,
        -698.0,
        -358.0,
        -410.0,
        -527.0,
        -668.0,
        -532.0,
        -382.0,
        -530.0,
        -513.0,
        -349.0,
        -377.0,
        -456.0,
        -649.0,
        -459.0,
        -424.0,
        -602.0,
        -509.0,
        -624.0,
        -553.0,
        -552.0,
        -554.0,
        -502.0,
        -367.0,
        -472.0,
        -492.0,
        -497.0,
        -592.0,
        -660.0,
        -455.0,
        -465.0,
        -544.0,
        -363.0,
        -529.0,
        -497.0,
        -399.0,
        -661.0,
        -342.0,
        -644.0,
        -531.0,
        -582.0,
        -602.0,
        -609.0,
        -420.0,
        -376.0,
        -552.0,
        -523.0,
        -628.0,
        -528.0,
        -652.0,
        -681.0,
        -603.0,
        -572.0,
        -473.0,
        -601.0,
        -446.0,
        -506.0,
        -596.0,
        -506.0,
        -434.0,
        -436.0,
        -486.0,
        -560.0,
        -535.0,
        -382.0,
        -507.0,
        -469.0,
        -543.0,
        -438.0,
        -575.0,
        -466.0,
        -497.0,
        -486.0,
        -613.0,
        -523.0,
        -500.0,
        -415.0,
        -593.0,
        -582.0,
        -429.0,
        -338.0,
        -554.0,
        -545.0,
        -575.0,
        -630.0,
        -458.0,
        -502.0,
        -513.0,
        -473.0,
        -465.0,
        -515.0,
        -532.0,
        -580.0,
        -613.0,
        -763.0
      ]
    },
    "RL_PPO": {
      "mean_reward": -539.8,
      "std_reward": 92.60766706920113,
      "mean_interruptions": 176.26,
      "std_interruptions": 25.56154142456984,
      "mean_failures": 9.69,
      "std_failures": 2.1619204425695226,
      "rewards": [
        -658.0,
        -569.0,
        -466.0,
        -513.0,
        -599.0,
        -476.0,
        -495.0,
        -509.0,
        -539.0,
        -718.0,
        -665.0,
        -532.0,
        -527.0,
        -386.0,
        -582.0,
        -667.0,
        -429.0,
        -467.0,
        -591.0,
        -637.0,
        -684.0,
        -565.0,
        -574.0,
        -544.0,
        -493.0,
        -374.0,
        -379.0,
        -423.0,
        -488.0,
        -360.0,
        -532.0,
        -512.0,
        -462.0,
        -621.0,
        -686.0,
        -500.0,
        -753.0,
        -570.0,
        -578.0,
        -555.0,
        -454.0,
        -606.0,
        -597.0,
        -595.0,
        -570.0,
        -575.0,
        -642.0,
        -540.0,
        -406.0,
        -633.0,
        -503.0,
        -674.0,
        -544.0,
        -558.0,
        -579.0,
        -596.0,
        -470.0,
        -703.0,
        -719.0,
        -445.0,
        -475.0,
        -490.0,
        -532.0,
        -342.0,
        -430.0,
        -591.0,
        -668.0,
        -572.0,
        -578.0,
        -327.0,
        -541.0,
        -495.0,
        -589.0,
        -540.0,
        -665.0,
        -442.0,
        -643.0,
        -471.0,
        -424.0,
        -546.0,
        -594.0,
        -520.0,
        -514.0,
        -542.0,
        -624.0,
        -484.0,
        -610.0,
        -363.0,
        -407.0,
        -624.0,
        -500.0,
        -683.0,
        -613.0,
        -506.0,
        -428.0,
        -583.0,
        -628.0,
        -423.0,
        -435.0,
        -451.0
      ]
    },
    "improvement_pct": -3.630325020637749
  },
  "balanced": {
    "Random": {
      "mean_reward": -352.695,
      "std_reward": 51.98657975862616,
      "mean_interruptions": 171.1,
      "std_interruptions": 23.01064970834157,
      "mean_failures": 8.27,
      "std_failures": 2.403559859874515,
      "rewards": [
        -342.0,
        -292.0,
        -352.5,
        -317.5,
        -349.0,
        -326.0,
        -364.0,
        -379.5,
        -335.5,
        -420.0,
        -474.0,
        -337.5,
        -301.5,
        -300.5,
        -270.5,
        -324.5,
        -325.5,
        -313.0,
        -355.5,
        -354.0,
        -337.0,
        -324.5,
        -316.0,
        -412.5,
        -324.5,
        -393.0,
        -329.0,
        -390.0,
        -378.5,
        -398.0,
        -368.5,
        -302.5,
        -403.5,
        -330.5,
        -402.0,
        -381.5,
        -393.0,
        -424.5,
        -372.5,
        -374.0,
        -454.0,
        -393.5,
        -502.5,
        -295.5,
        -341.0,
        -402.5,
        -283.0,
        -417.5,
        -351.5,
        -389.0,
        -316.5,
        -380.0,
        -305.5,
        -312.5,
        -346.0,
        -192.5,
        -361.5,
        -389.5,
        -357.0,
        -326.0,
        -331.5,
        -327.5,
        -313.5,
        -400.5,
        -395.5,
        -302.5,
        -380.5,
        -381.0,
        -336.5,
        -312.5,
        -321.0,
        -340.5,
        -346.5,
        -357.0,
        -295.0,
        -339.0,
        -249.5,
        -373.5,
        -303.5,
        -372.0,
        -374.5,
        -318.0,
        -409.5,
        -416.5,
        -353.5,
        -337.5,
        -373.5,
        -249.0,
        -328.5,
        -372.5,
        -352.5,
        -398.0,
        -459.0,
        -292.5,
        -429.0,
        -375.5,
        -450.0,
        -302.0,
        -396.0,
        -196.0
      ]
    },
    "RL_PPO": {
      "mean_reward": -369.215,
      "std_reward": 49.225717617928126,
      "mean_interruptions": 180.38,
      "std_interruptions": 25.820836547253847,
      "mean_failures": 9.88,
      "std_failures": 2.16462467878383,
      "rewards": [
        -361.5,
        -400.0,
        -414.0,
        -426.0,
        -363.0,
        -350.0,
        -318.0,
        -372.0,
        -342.5,
        -346.5,
        -359.0,
        -367.5,
        -409.0,
        -236.5,
        -446.0,
        -427.5,
        -389.0,
        -360.0,
        -341.0,
        -416.5,
        -329.0,
        -422.0,
        -347.5,
        -383.0,
        -440.0,
        -461.5,
        -332.0,
        -388.0,
        -396.0,
        -337.5,
        -315.5,
        -295.0,
        -342.5,
        -375.0,
        -396.0,
        -336.5,
        -323.5,
        -496.5,
        -391.0,
        -300.0,
        -363.5,
        -451.5,
        -307.0,
        -435.0,
        -341.5,
        -335.0,
        -413.5,
        -338.5,
        -402.5,
        -337.0,
        -367.5,
        -361.0,
        -387.5,
        -284.0,
        -376.5,
        -415.5,
        -389.5,
        -389.0,
        -394.5,
        -332.5,
        -352.0,
        -420.0,
        -298.0,
        -412.5,
        -338.5,
        -287.0,
        -373.0,
        -354.5,
        -432.5,
        -356.5,
        -439.0,
        -371.5,
        -375.5,
        -333.5,
        -476.0,
        -259.5,
        -325.5,
        -423.5,
        -367.0,
        -383.5,
        -292.0,
        -348.0,
        -459.5,
        -334.0,
        -347.0,
        -378.0,
        -355.0,
        -442.5,
        -409.0,
        -267.5,
        -380.5,
        -325.0,
        -418.5,
        -322.5,
        -322.0,
        -396.0,
        -423.0,
        -352.5,
        -393.0,
        -301.0
      ]
    },
    "improvement_pct": -4.683933710429686
  },
  "moderate_low": {
    "Random": {
      "mean_reward": -299.44,
      "std_reward": 42.02982750380971,
      "mean_interruptions": 170.8,
      "std_interruptions": 26.179763176927327,
      "mean_failures": 8.32,
      "std_failures": 2.288580345978703,